{
  "domain-discriminative/Max-of-prob-prior-shift/": [
    0.038680645758672805,
    0.039207862340369326,
    0.04009584507666353,
    0.04236210431620213,
    0.04045960326739584,
    0.04110946704813734,
    0.0402922973430726,
    0.04263721367760065,
    0.042806018196702045,
    0.03940176152511898,
    0.03886901196860704,
    0.04319293414936731,
    0.03951931310754464,
    0.041710019006204524,
    0.04152603832903279,
    0.040385762167621686,
    0.04020527904127813,
    0.04075915405461039,
    0.03841132328959884,
    0.0380304977369057,
    0.040755547500361256,
    0.039167968693318955,
    0.04192224214961404,
    0.03899640720207187,
    0.04094059310242826,
    0.03920432859905909,
    0.04248962123638533,
    0.0397144902018296,
    0.04309291620248934,
    0.039432004366288353,
    0.039393546990123096,
    0.03956506074763377
  ],
  "domain-discriminative/rba/": [
    0.05338565659509098,
    0.05452752834588215,
    0.05454726660045062,
    0.05566748109412445,
    0.05496608052713503,
    0.05430763986042919,
    0.054902712743644,
    0.05496061972835797,
    0.05529766099989342,
    0.0535506798780927,
    0.05441905383777301,
    0.056436219467852156,
    0.054748176487363964,
    0.05475064074745539,
    0.05573032667285349,
    0.054787636148679875,
    0.05449632362485468,
    0.053351379002645305,
    0.05416952168796807,
    0.053073827887222924,
    0.05427300431305304,
    0.05447151368579617,
    0.05472486510657315,
    0.05403383297705466,
    0.055147703741820986,
    0.052988751226790254,
    0.054132085522552,
    0.054905886454077235,
    0.05536211650341616,
    0.05476167487915118,
    0.054269813872711126,
    0.054287257307887415
  ],
  "domain-discriminative/Sum-of-prob-no-prior-shift/": [
    0.08354265872355249,
    0.09126711412791999,
    0.08520290468690006,
    0.08758196146070607,
    0.0876850296309788,
    0.08793117821201313,
    0.0857360022694924,
    0.08860236016285694,
    0.08827539232202186,
    0.08444807203290483,
    0.08366922216229367,
    0.0906132113797743,
    0.08600972734120671,
    0.08915113502920968,
    0.08509064070004657,
    0.08774877447384688,
    0.08537741933862064,
    0.08419116641987734,
    0.08366489789769171,
    0.08415212795575389,
    0.08832557911893946,
    0.08344293091617916,
    0.08603013674947657,
    0.08581665843888442,
    0.08875758507347187,
    0.08186563360886467,
    0.0834382607663835,
    0.08504659205760079,
    0.09107145515212356,
    0.08807180589428631,
    0.08594692960107964,
    0.08426957470675012
  ],
  "domain-discriminative/Sum-of-prob-prior-shift/": [
    0.03897893139353914,
    0.039148356806499196,
    0.0400988205638837,
    0.04245749919372532,
    0.04064932412119693,
    0.04081042362618448,
    0.040191022295281265,
    0.04268591699024138,
    0.04290790147788437,
    0.039346332042112575,
    0.03865471679799504,
    0.0430310120327031,
    0.03922164462271627,
    0.04175248935690701,
    0.0415770939726704,
    0.040337862928970125,
    0.04030111750515486,
    0.04060109762952813,
    0.03841290356765614,
    0.03802188214726876,
    0.04069807500111189,
    0.039261737803275354,
    0.041976270214421296,
    0.038844562486362255,
    0.04129334678928753,
    0.039155502246727036,
    0.04239349668456627,
    0.03970184328587201,
    0.042887730665672974,
    0.03967827793405543,
    0.03934045468002534,
    0.03967063879377586
  ],
  "sampling/": [
    0.07112413821545804,
    0.07362795061109129,
    0.07075381161910566,
    0.07213604125620243,
    0.06936898441119654,
    0.07057722219743912,
    0.0697914907044066,
    0.07073542351153583,
    0.07208863262349219,
    0.06756126981907806,
    0.07436925172993059,
    0.06851573951859824,
    0.07028998468400027,
    0.07256078251138809,
    0.07007976514307968,
    0.07070831607900618,
    0.06900545852959095,
    0.06995411925584205,
    0.06877097328489223,
    0.0713566321217558,
    0.07080662743406863,
    0.07155797932283758,
    0.06916238488248538,
    0.0670986973567127,
    0.07114275210743581,
    0.06635967180303348,
    0.07129120451971005,
    0.07188151997455217,
    0.07244333858684415,
    0.07324149582092876,
    0.0705754890584045,
    0.06984849245228142
  ],
  "baseline/": [
    0.07581639600663725,
    0.0736451487290023,
    0.0738746148197198,
    0.07652105727756509,
    0.07186552572016747,
    0.07533779126440276,
    0.07331750780461044,
    0.07580426850575783,
    0.07601840045879305,
    0.07245228550724847,
    0.07304099271832043,
    0.07359608603484458,
    0.07405886338443901,
    0.07611507872698053,
    0.07224753629654279,
    0.07166076822285761,
    0.07164098153470089,
    0.07384483216559135,
    0.07157578065156656,
    0.07212976160737838,
    0.07530385695956388,
    0.07764980813766376,
    0.07074565327446725,
    0.07242651149213464,
    0.0712981942411488,
    0.07309860928136769,
    0.0716312772368326,
    0.07245684033251343,
    0.0759873454870148,
    0.07600301007106147,
    0.07445543173335678,
    0.07326897551965161
  ],
  "uniconf-adv/": [
    0.10531869756754708,
    0.09370235599915833,
    0.10069685861411615,
    0.09797493535156765,
    0.10849022794123508,
    0.10301975795420659,
    0.10993981591729962,
    0.09969187786262823,
    0.09280311185220724,
    0.09920618505836964,
    0.09049699883740359,
    0.10599185662259836,
    0.0954716140451729,
    0.11055282814770151,
    0.09262577299677632,
    0.11456722095116745,
    0.10122783200132957,
    0.102797769018932,
    0.107955911479089,
    0.0874365717450225,
    0.09818633651131436,
    0.11171570490732341,
    0.1016842717623696,
    0.09701112305173765,
    0.10220001713722238,
    0.10498658678128558,
    0.09598821443888483,
    0.10603599797631902,
    0.10469109577697999,
    0.09479066037192874,
    0.11221232986106,
    0.09746178553005724
  ],
  "gradproj-adv/": [
    0.09706353676750124,
    0.10339678006821396,
    0.08000361445030535,
    0.1042564638263046,
    0.08682654876165175,
    0.08956418295688606,
    0.06148776760152863,
    0.1018397243373299,
    0.09421815661595034,
    0.06507322237476176,
    0.1058035720845989,
    0.09454677549233215,
    0.09350784223661468,
    0.09535424863122588,
    0.07197136464117615,
    0.10523278967842464,
    0.0959194381733528,
    0.11692282347281435,
    0.0945200366170289,
    0.09068613583841267,
    0.09087763394239146,
    0.07853525083659485,
    0.08098670434373001,
    0.08145229908672769,
    0.0948237956644078,
    0.08578142048443826,
    0.13582330541991594,
    0.07789196646938612,
    0.09036522049065998,
    0.0796043400065981,
    0.09650631421984524,
    0.09607945704312137
  ],
  "domain-independent/Conditional/": [
    0.06441260070253774,
    0.06524207829329443,
    0.0649524747635003,
    0.06581543664982314,
    0.06445670162970041,
    0.06733444455459747,
    0.06750143590997726,
    0.06343928220306239,
    0.06575236229536441,
    0.0687446664641842,
    0.06524429282792177,
    0.06539532397089742,
    0.06516654159891178,
    0.06943358839583691,
    0.06688353362118149,
    0.06440523008522725,
    0.06461540791134601,
    0.0648620060657562,
    0.06485465027633386,
    0.06750081448869183,
    0.06661651733987561,
    0.06646125780091228,
    0.0666623905166095,
    0.06614896983255891,
    0.06903103389082976,
    0.06843335154205776,
    0.06605000091376578,
    0.06433388774739823,
    0.06321774635351818,
    0.06519917802868092,
    0.06721964181448836,
    0.06789486016753599
  ],