{
  "baseline/": [
    [
      0.3475980614678229,
      0.4747680944494557,
      0.4111830779586393
    ],
    [
      0.3475980614678229,
      0.4747680944494557,
      0.4111830779586393
    ],
    [
      0.3475980614678229,
      0.4747680944494557,
      0.4111830779586393
    ],
    [
      0.3475980614678229,
      0.4747680944494557,
      0.4111830779586393
    ],
    [
      0.3475980614678229,
      0.4747680944494557,
      0.4111830779586393
    ],
    [
      0.3475980614678229,
      0.4747680944494557,
      0.4111830779586393
    ],
    [
      0.3475980614678229,
      0.4747680944494557,
      0.4111830779586393
    ],
    [
      0.3475980614678229,
      0.4747680944494557,
      0.4111830779586393
    ],
    [
      0.3475980614678229,
      0.4747680944494557,
      0.4111830779586393
    ],
    [
      0.3475980614678229,
      0.4747680944494557,
      0.4111830779586393
    ],
    [
      0.3475980614678229,
      0.4747680944494557,
      0.4111830779586393
    ],
    [
      0.3475980614678229,
      0.4747680944494557,
      0.4111830779586393
    ],
    [
      0.3475980614678229,
      0.4747680944494557,
      0.4111830779586393
    ],
    [
      0.3475980614678229,
      0.4747680944494557,
      0.4111830779586393
    ],
    [
      0.3475980614678229,
      0.4747680944494557,
      0.4111830779586393
    ],
    [
      0.3475980614678229,
      0.4747680944494557,
      0.4111830779586393
    ]
  ],
  "inn/": [
    [
      0.018011043902045443,
      0.019335045970427567,
      0.018673044936236505
    ],
    [
      0.015718428041324284,
      0.019541903499505575,
      0.01763016577041493
    ],
    [
      0.015234902013170681,
      0.019808793727937757,
      0.01752184787055422
    ],
    [
      0.017020283614297416,
      0.0158345893206836,
      0.016427436467490508
    ],
    [
      0.017824198836968064,
      0.017173068723430607,
      0.017498633780199335
    ],
    [
      0.02235239678159362,
      0.02121737213781394,
      0.02178488445970378
    ],
    [
      0.018963298969648434,
      0.014528409700957479,
      0.016745854335302957
    ],
    [
      0.01640828020792473,
      0.017998161379077504,
      0.017203220793501117
    ],
    [
      0.014303753357540083,
      0.01914240388669808,
      0.01672307862211908
    ],
    [
      0.02165404442761154,
      0.023860993699210464,
      0.022757519063411003
    ],
    [
      0.0171704991211431,
      0.013321682411351898,
      0.0152460907662475
    ],
    [
      0.01922497081317276,
      0.018169306618585734,
      0.018697138715879247
    ],
    [
      0.014214806681366765,
      0.018387578756737022,
      0.016301192719051893
    ],
    [
      0.015400414171536259,
      0.01755940476373652,
      0.01647990946763639
    ],
    [
      0.014064800893016538,
      0.021279571351148885,
      0.01767218612208271
    ],
    [
      0.019575977200242067,
      0.01537266317704411,
      0.01747432018864309
    ]
  ]
}