{
  "baseline/": [
    [
      0.775719034177601,
      0.8420484427511343,
      0.8088837384643677
    ],
    [
      0.775719034177601,
      0.8420484427511343,
      0.8088837384643677
    ],
    [
      0.775719034177601,
      0.8420484427511343,
      0.8088837384643677
    ],
    [
      0.775719034177601,
      0.8420484427511343,
      0.8088837384643677
    ],
    [
      0.775719034177601,
      0.8420484427511343,
      0.8088837384643677
    ],
    [
      0.775719034177601,
      0.8420484427511343,
      0.8088837384643677
    ],
    [
      0.775719034177601,
      0.8420484427511343,
      0.8088837384643677
    ],
    [
      0.775719034177601,
      0.8420484427511343,
      0.8088837384643677
    ],
    [
      0.775719034177601,
      0.8420484427511343,
      0.8088837384643677
    ],
    [
      0.775719034177601,
      0.8420484427511343,
      0.8088837384643677
    ],
    [
      0.775719034177601,
      0.8420484427511343,
      0.8088837384643677
    ],
    [
      0.775719034177601,
      0.8420484427511343,
      0.8088837384643677
    ],
    [
      0.775719034177601,
      0.8420484427511343,
      0.8088837384643677
    ],
    [
      0.775719034177601,
      0.8420484427511343,
      0.8088837384643677
    ],
    [
      0.775719034177601,
      0.8420484427511343,
      0.8088837384643677
    ],
    [
      0.775719034177601,
      0.8420484427511343,
      0.8088837384643677
    ]
  ],
  "inn/": [
    [
      0.18253161430726217,
      0.20321574391018604,
      0.1928736791087241
    ],
    [
      0.19002007143296817,
      0.2025047361691522,
      0.1962624038010602
    ],
    [
      0.19159014169086397,
      0.20158669952770403,
      0.196588420609284
    ],
    [
      0.18577673122799443,
      0.215177557763378,
      0.2004771444956862
    ],
    [
      0.1831446510480671,
      0.21061921557235797,
      0.19688193331021253
    ],
    [
      0.16814894150335902,
      0.19672870611022908,
      0.18243882380679405
    ],
    [
      0.17939967531264,
      0.21960749994688322,
      0.19950358762976161
    ],
    [
      0.18777445171432272,
      0.20779970944396575,
      0.19778708057914424
    ],
    [
      0.19460465528270232,
      0.20387747379723808,
      0.1992410645399702
    ],
    [
      0.1704806484579231,
      0.18755257919326385,
      0.17901661382559347
    ],
    [
      0.1852855980490118,
      0.22368409237728515,
      0.20448484521314847
    ],
    [
      0.17853681205882577,
      0.20721395556964195,
      0.19287538381423386
    ],
    [
      0.19489199151223568,
      0.20646644957372573,
      0.2006792205429807
    ],
    [
      0.19105306496713004,
      0.2092999385359382,
      0.20017650175153412
    ],
    [
      0.1953763303714412,
      0.196513690850593,
      0.1959450106110171
    ],
    [
      0.17737785171704057,
      0.21674626364611893,
      0.19706205768157975
    ]
  ]
}