{
  "baseline/": [
    [
      0.7559948943676278,
      0.6774801503999576,
      0.7167375223837926
    ],
    [
      0.7559948943676278,
      0.6774801503999576,
      0.7167375223837926
    ],
    [
      0.7559948943676278,
      0.6774801503999576,
      0.7167375223837926
    ],
    [
      0.7559948943676278,
      0.6774801503999576,
      0.7167375223837926
    ],
    [
      0.7559948943676278,
      0.6774801503999576,
      0.7167375223837926
    ],
    [
      0.7559948943676278,
      0.6774801503999576,
      0.7167375223837926
    ],
    [
      0.7559948943676278,
      0.6774801503999576,
      0.7167375223837926
    ],
    [
      0.7559948943676278,
      0.6774801503999576,
      0.7167375223837926
    ],
    [
      0.7559948943676278,
      0.6774801503999576,
      0.7167375223837926
    ],
    [
      0.7559948943676278,
      0.6774801503999576,
      0.7167375223837926
    ],
    [
      0.7559948943676278,
      0.6774801503999576,
      0.7167375223837926
    ],
    [
      0.7559948943676278,
      0.6774801503999576,
      0.7167375223837926
    ],
    [
      0.7559948943676278,
      0.6774801503999576,
      0.7167375223837926
    ],
    [
      0.7559948943676278,
      0.6774801503999576,
      0.7167375223837926
    ],
    [
      0.7559948943676278,
      0.6774801503999576,
      0.7167375223837926
    ],
    [
      0.7559948943676278,
      0.6774801503999576,
      0.7167375223837926
    ]
  ],
  "inn/": [
    [
      0.013141046875656107,
      0.024166512194476075,
      0.01865377953506609
    ],
    [
      0.01275524534252774,
      0.025397237969332354,
      0.019076241655930047
    ],
    [
      0.016293757844102405,
      0.026584181911883623,
      0.021438969877993014
    ],
    [
      0.01391288322376863,
      0.02620983638169773,
      0.02006135980273318
    ],
    [
      0.010972692025959602,
      0.024245900715460858,
      0.01760929637071023
    ],
    [
      0.0085641501775275,
      0.041025260786402645,
      0.024794705481965072
    ],
    [
      0.01697820680903081,
      0.026208016665342615,
      0.021593111737186713
    ],
    [
      0.009644665077239614,
      0.024298536690031,
      0.016971600883635307
    ],
    [
      0.012247857306154436,
      0.022654029143979612,
      0.017450943225067024
    ],
    [
      0.005602683674469172,
      0.03965208109688158,
      0.022627382385675375
    ],
    [
      0.024296072000111968,
      0.026451668537307918,
      0.025373870268709943
    ],
    [
      0.008916545748904742,
      0.022294214184688993,
      0.015605379966796867
    ],
    [
      0.01808858178628582,
      0.028537226439935434,
      0.023312904113110627
    ],
    [
      0.017075392030158676,
      0.01981893822266674,
      0.018447165126412708
    ],
    [
      0.01608291770282691,
      0.026728020983773956,
      0.021405469343300433
    ],
    [
      0.016857133525868623,
      0.028977543477980414,
      0.022917338501924518
    ]
  ]
}