{
  "baseline/": [
    [
      0.6774801503999575,
      0.7559948943676278,
      0.7167375223837926
    ],
    [
      0.6774801503999575,
      0.7559948943676278,
      0.7167375223837926
    ],
    [
      0.6774801503999575,
      0.7559948943676278,
      0.7167375223837926
    ],
    [
      0.6774801503999575,
      0.7559948943676278,
      0.7167375223837926
    ],
    [
      0.6774801503999575,
      0.7559948943676278,
      0.7167375223837926
    ],
    [
      0.6774801503999575,
      0.7559948943676278,
      0.7167375223837926
    ],
    [
      0.6774801503999575,
      0.7559948943676278,
      0.7167375223837926
    ],
    [
      0.6774801503999575,
      0.7559948943676278,
      0.7167375223837926
    ],
    [
      0.6774801503999575,
      0.7559948943676278,
      0.7167375223837926
    ],
    [
      0.6774801503999575,
      0.7559948943676278,
      0.7167375223837926
    ],
    [
      0.6774801503999575,
      0.7559948943676278,
      0.7167375223837926
    ],
    [
      0.6774801503999575,
      0.7559948943676278,
      0.7167375223837926
    ],
    [
      0.6774801503999575,
      0.7559948943676278,
      0.7167375223837926
    ],
    [
      0.6774801503999575,
      0.7559948943676278,
      0.7167375223837926
    ],
    [
      0.6774801503999575,
      0.7559948943676278,
      0.7167375223837926
    ],
    [
      0.6774801503999575,
      0.7559948943676278,
      0.7167375223837926
    ]
  ],
  "inn/": [
    [
      0.024166512194476075,
      0.013141046875656093,
      0.018653779535066084
    ],
    [
      0.025397237969332243,
      0.012755245342527699,
      0.01907624165592997
    ],
    [
      0.02658418191188361,
      0.016293757844102363,
      0.021438969877992986
    ],
    [
      0.026209836381697715,
      0.013912883223768713,
      0.020061359802733214
    ],
    [
      0.024245900715460955,
      0.010972692025959518,
      0.017609296370710237
    ],
    [
      0.04102526078640256,
      0.00856415017752743,
      0.024794705481964996
    ],
    [
      0.02620801666534267,
      0.016978206809030727,
      0.0215931117371867
    ],
    [
      0.024298536690031014,
      0.0096446650772396,
      0.016971600883635307
    ],
    [
      0.022654029143979626,
      0.012247857306154408,
      0.017450943225067017
    ],
    [
      0.039652081096881564,
      0.005602683674469144,
      0.022627382385675354
    ],
    [
      0.02645166853730785,
      0.024296072000111968,
      0.025373870268709908
    ],
    [
      0.02229421418468902,
      0.00891654574890477,
      0.015605379966796895
    ],
    [
      0.028537226439935393,
      0.018088581786285807,
      0.0233129041131106
    ],
    [
      0.019818938222666782,
      0.01707539203015873,
      0.018447165126412757
    ],
    [
      0.026728020983774026,
      0.016082917702826882,
      0.021405469343300454
    ],
    [
      0.028977543477980428,
      0.016857133525868595,
      0.02291733850192451
    ]
  ]
}