{
  "baseline/": [
    [
      0.16333738843080486,
      0.1769292497187148,
      0.17013331907475981
    ],
    [
      0.16333738843080486,
      0.1769292497187148,
      0.17013331907475981
    ],
    [
      0.16333738843080486,
      0.1769292497187148,
      0.17013331907475981
    ],
    [
      0.16333738843080486,
      0.1769292497187148,
      0.17013331907475981
    ],
    [
      0.16333738843080486,
      0.1769292497187148,
      0.17013331907475981
    ],
    [
      0.16333738843080486,
      0.1769292497187148,
      0.17013331907475981
    ],
    [
      0.16333738843080486,
      0.1769292497187148,
      0.17013331907475981
    ],
    [
      0.16333738843080486,
      0.1769292497187148,
      0.17013331907475981
    ],
    [
      0.16333738843080486,
      0.1769292497187148,
      0.17013331907475981
    ],
    [
      0.16333738843080486,
      0.1769292497187148,
      0.17013331907475981
    ],
    [
      0.16333738843080486,
      0.1769292497187148,
      0.17013331907475981
    ],
    [
      0.16333738843080486,
      0.1769292497187148,
      0.17013331907475981
    ],
    [
      0.16333738843080486,
      0.1769292497187148,
      0.17013331907475981
    ],
    [
      0.16333738843080486,
      0.1769292497187148,
      0.17013331907475981
    ],
    [
      0.16333738843080486,
      0.1769292497187148,
      0.17013331907475981
    ],
    [
      0.16333738843080486,
      0.1769292497187148,
      0.17013331907475981
    ]
  ],
  "inn/": [
    [
      0.0028522923779945625,
      0.006266882412203005,
      0.004559587395098784
    ],
    [
      0.002768553328680375,
      0.006586035364462898,
      0.004677294346571636
    ],
    [
      0.0035365950481248904,
      0.0068938347712612725,
      0.005215214909693081
    ],
    [
      0.0030198211109495315,
      0.006796759140308412,
      0.004908290125628972
    ],
    [
      0.0023816463123424994,
      0.006287469517279924,
      0.004334557914811212
    ],
    [
      0.0018588671440335973,
      0.010638708772261965,
      0.006248787958147781
    ],
    [
      0.0036851561623393245,
      0.006796287249771237,
      0.0052407217060552805
    ],
    [
      0.0020933952179321646,
      0.006301119127146183,
      0.004197257172539174
    ],
    [
      0.0026584236683475887,
      0.005874663901247253,
      0.004266543784797421
    ],
    [
      0.0012160744948415785,
      0.010282614538398089,
      0.005749344516619834
    ],
    [
      0.005273514479999641,
      0.006859471279755867,
      0.006066492879877754
    ],
    [
      0.0019353553577801273,
      0.005781356351449423,
      0.003858355854614775
    ],
    [
      0.003926165430041385,
      0.00740030009420907,
      0.005663232762125227
    ],
    [
      0.003706250422796627,
      0.005139465487475603,
      0.004422857955136115
    ],
    [
      0.003490831743753042,
      0.0069311352531248975,
      0.0052109834984389695
    ],
    [
      0.0036588769468392235,
      0.007514483517920008,
      0.005586680232379616
    ]
  ]
}