{
  "baseline/": [
    [
      0.6771825541480644,
      0.6771825541480643,
      0.6771825541480643
    ],
    [
      0.6771825541480644,
      0.6771825541480643,
      0.6771825541480643
    ],
    [
      0.6771825541480644,
      0.6771825541480643,
      0.6771825541480643
    ],
    [
      0.6771825541480644,
      0.6771825541480643,
      0.6771825541480643
    ],
    [
      0.6771825541480644,
      0.6771825541480643,
      0.6771825541480643
    ],
    [
      0.6771825541480644,
      0.6771825541480643,
      0.6771825541480643
    ],
    [
      0.6771825541480644,
      0.6771825541480643,
      0.6771825541480643
    ],
    [
      0.6771825541480644,
      0.6771825541480643,
      0.6771825541480643
    ],
    [
      0.6771825541480644,
      0.6771825541480643,
      0.6771825541480643
    ],
    [
      0.6771825541480644,
      0.6771825541480643,
      0.6771825541480643
    ],
    [
      0.6771825541480644,
      0.6771825541480643,
      0.6771825541480643
    ],
    [
      0.6771825541480644,
      0.6771825541480643,
      0.6771825541480643
    ],
    [
      0.6771825541480644,
      0.6771825541480643,
      0.6771825541480643
    ],
    [
      0.6771825541480644,
      0.6771825541480643,
      0.6771825541480643
    ],
    [
      0.6771825541480644,
      0.6771825541480643,
      0.6771825541480643
    ],
    [
      0.6771825541480644,
      0.6771825541480643,
      0.6771825541480643
    ]
  ],
  "inn/": [
    [
      0.10638997791378046,
      0.10638997791378046,
      0.10638997791378046
    ],
    [
      0.10868669654348784,
      0.10868669654348784,
      0.10868669654348784
    ],
    [
      0.10893103826355671,
      0.10893103826355677,
      0.10893103826355674
    ],
    [
      0.11074037399454484,
      0.1107403739945449,
      0.11074037399454487
    ],
    [
      0.10860039311515479,
      0.10860039311515485,
      0.10860039311515482
    ],
    [
      0.09969840469512065,
      0.09969840469512053,
      0.09969840469512059
    ],
    [
      0.10955632857347586,
      0.10955632857347597,
      0.10955632857347591
    ],
    [
      0.10943476046436817,
      0.10943476046436817,
      0.10943476046436817
    ],
    [
      0.11057629068625341,
      0.11057629068625341,
      0.11057629068625341
    ],
    [
      0.09806222604986009,
      0.09806222604986009,
      0.09806222604986009
    ],
    [
      0.11276926862845321,
      0.11276926862845316,
      0.11276926862845318
    ],
    [
      0.10607811058263078,
      0.10607811058263078,
      0.10607811058263078
    ],
    [
      0.11142745252705566,
      0.1114274525270556,
      0.11142745252705563
    ],
    [
      0.1109634043426363,
      0.11096340434263635,
      0.11096340434263632
    ],
    [
      0.108612643214902,
      0.10861264321490194,
      0.10861264321490197
    ],
    [
      0.1080920740006367,
      0.1080920740006367,
      0.1080920740006367
    ]
  ]
}