{
  "baseline/": [
    [
      0.3298944374659535,
      0.3298944374659535,
      0.3298944374659535
    ],
    [
      0.3298944374659535,
      0.3298944374659535,
      0.3298944374659535
    ],
    [
      0.3298944374659535,
      0.3298944374659535,
      0.3298944374659535
    ],
    [
      0.3298944374659535,
      0.3298944374659535,
      0.3298944374659535
    ],
    [
      0.3298944374659535,
      0.3298944374659535,
      0.3298944374659535
    ],
    [
      0.3298944374659535,
      0.3298944374659535,
      0.3298944374659535
    ],
    [
      0.3298944374659535,
      0.3298944374659535,
      0.3298944374659535
    ],
    [
      0.3298944374659535,
      0.3298944374659535,
      0.3298944374659535
    ],
    [
      0.3298944374659535,
      0.3298944374659535,
      0.3298944374659535
    ],
    [
      0.3298944374659535,
      0.3298944374659535,
      0.3298944374659535
    ],
    [
      0.3298944374659535,
      0.3298944374659535,
      0.3298944374659535
    ],
    [
      0.3298944374659535,
      0.3298944374659535,
      0.3298944374659535
    ],
    [
      0.3298944374659535,
      0.3298944374659535,
      0.3298944374659535
    ],
    [
      0.3298944374659535,
      0.3298944374659535,
      0.3298944374659535
    ],
    [
      0.3298944374659535,
      0.3298944374659535,
      0.3298944374659535
    ],
    [
      0.3298944374659535,
      0.3298944374659535,
      0.3298944374659535
    ]
  ],
  "inn/": [
    [
      0.05181684863799238,
      0.051816848637992394,
      0.05181684863799239
    ],
    [
      0.05293545702510992,
      0.05293545702510992,
      0.05293545702510992
    ],
    [
      0.05305446276393069,
      0.053054462763930735,
      0.053054462763930714
    ],
    [
      0.05393569309733581,
      0.05393569309733584,
      0.05393569309733583
    ],
    [
      0.05289342325679297,
      0.052893423256793,
      0.052893423256792985
    ],
    [
      0.048557742438136445,
      0.04855774243813638,
      0.04855774243813642
    ],
    [
      0.05335900811659673,
      0.05335900811659679,
      0.05335900811659676
    ],
    [
      0.05329979881481509,
      0.053299798814815086,
      0.053299798814815086
    ],
    [
      0.05385577692368411,
      0.053855776923684116,
      0.05385577692368411
    ],
    [
      0.04776084762841208,
      0.04776084762841207,
      0.047760847628412074
    ],
    [
      0.054923858789341716,
      0.054923858789341695,
      0.05492385878934171
    ],
    [
      0.0516649547978939,
      0.05166495479789389,
      0.051664954797893896
    ],
    [
      0.05427033217725346,
      0.05427033217725344,
      0.05427033217725345
    ],
    [
      0.054044319210578354,
      0.05404431921057838,
      0.05404431921057837
    ],
    [
      0.05289938962295686,
      0.05289938962295683,
      0.052899389622956844
    ],
    [
      0.05264584829594348,
      0.05264584829594348,
      0.05264584829594348
    ]
  ]
}