{
  "no-constraints/": [
    [
      0.030072499506806127,
      0.0005971675698550616,
      0.015334833538330594
    ],
    [
      0.011431651831032452,
      0.0044890237745098815,
      0.007960337802771167
    ],
    [
      0.034856331244739525,
      0.0009139329052546552,
      0.01788513207499709
    ],
    [
      0.02963351248825652,
      0.0021750487246295913,
      0.015904280606443055
    ],
    [
      0.01893593506749991,
      0.0014815527124492078,
      0.010208743889974559
    ],
    [
      0.030021212631115235,
      0.00137678109496997,
      0.015698996863042602
    ],
    [
      0.02065180815682721,
      0.0047004855137872115,
      0.012676146835307212
    ],
    [
      0.007026560263424408,
      0.020973025751319985,
      0.013999793007372197
    ],
    [
      0.02275221012299522,
      0.0023514409561646854,
      0.012551825539579953
    ],
    [
      0.019709321698004323,
      0.0067592269211324,
      0.013234274309568361
    ],
    [
      0.004970647998450484,
      0.00898464336229532,
      0.0069776456803729014
    ],
    [
      0.002378376453650577,
      0.012922050845782684,
      0.007650213649716631
    ],
    [
      0.0231538872311281,
      0.006369488668021894,
      0.014761687949574998
    ],
    [
      0.007532079445356277,
      0.009680278236878781,
      0.008606178841117529
    ],
    [
      0.029796595677094362,
      0.002265530956238604,
      0.016031063316666483
    ],
    [
      0.015675361141929023,
      0.002402891036658361,
      0.009039126089293692
    ]
  ],
  "l2-penalty/": [
    [
      0.16358903020667726,
      0.11400867068720866,
      0.13879885044694296
    ],
    [
      0.10764647430774976,
      0.07991437285161707,
      0.09378042357968341
    ],
    [
      0.02546914442127568,
      0.04047286377849202,
      0.03297100409988385
    ],
    [
      0.07700808339194909,
      0.05384516518865967,
      0.06542662429030438
    ],
    [
      0.01453195824637954,
      0.05465314346139061,
      0.03459255085388507
    ],
    [
      0.10737426992655519,
      0.07807900152176817,
      0.09272663572416168
    ],
    [
      0.04541577713156608,
      0.047130848288910565,
      0.046273312710238323
    ],
    [
      0.028774606156959148,
      0.043059835259181334,
      0.03591722070807024
    ],
    [
      0.005034676194155874,
      0.03987444773768578,
      0.022454561965920827
    ],
    [
      0.10708028385099211,
      0.0804979898181013,
      0.0937891368345467
    ],
    [
      0.08827125064111008,
      0.06733902948357973,
      0.0778051400623449
    ],
    [
      0.023873356708276616,
      0.036468761157224416,
      0.030171058932750516
    ],
    [
      0.0343705557962799,
      0.03235847654839685,
      0.033364516172338377
    ],
    [
      0.04627355571251934,
      0.06504849152330283,
      0.05566102361791109
    ],
    [
      0.04616685243445573,
      0.03524918475057648,
      0.040708018592516104
    ],
    [
      0.04986021664735518,
      0.06132407723819444,
      0.05559214694277481
    ]
  ],
  "fair-alm/": [
    [
      0.058103629657638045,
      0.02674812379880409,
      0.04242587672822107
    ],
    [
      0.07981244954322386,
      0.04570414321524241,
      0.06275829637923314
    ],
    [
      0.0591007741521562,
      0.018888137934131244,
      0.03899445604314372
    ],
    [
      0.06300852909032895,
      0.0217536519558319,
      0.04238109052308042
    ],
    [
      0.0640482839193941,
      0.022796318583115482,
      0.04342230125125479
    ],
    [
      0.06008828430911384,
      0.0243654770181273,
      0.04222688066362057
    ],
    [
      0.05432132312384408,
      0.01819912835822224,
      0.03626022574103316
    ],
    [
      0.11441898668273909,
      0.04063015811886561,
      0.07752457240080235
    ],
    [
      0.09558661620547027,
      0.051190373397070776,
      0.07338849480127052
    ],
    [
      0.07261057040096142,
      0.048092723240306445,
      0.06035164682063393
    ],
    [
      0.06955963334909998,
      0.023446159944943035,
      0.04650289664702151
    ],
    [
      0.070744529574566,
      0.022027535156639577,
      0.04638603236560279
    ],
    [
      0.054485256621771616,
      0.04182630388765085,
      0.04815578025471123
    ],
    [
      0.061210053719816915,
      0.026795808713613645,
      0.04400293121671528
    ],
    [
      0.0649218643511924,
      0.02221049550168608,
      0.04356617992643924
    ],
    [
      0.06505692011493414,
      0.016265338025016507,
      0.04066112906997532
    ]
  ]
}