{
  "no-constraints/": [
    [
      0.5912570967352668,
      0.6179889359021118,
      0.6046230163186893
    ],
    [
      0.5583195058626658,
      0.6303385031289366,
      0.5943290044958012
    ],
    [
      0.5993860003852827,
      0.6216742187062267,
      0.6105301095457547
    ],
    [
      0.5905047216236075,
      0.6247392952638751,
      0.6076220084437413
    ],
    [
      0.5718272945605375,
      0.6230549731005783,
      0.5974411338305579
    ],
    [
      0.5911692529083796,
      0.6160822000343514,
      0.6036257264713656
    ],
    [
      0.574868188536463,
      0.6308485919119128,
      0.602858390224188
    ],
    [
      0.5502284403151303,
      0.6693194452313125,
      0.6097739427732214
    ],
    [
      0.5785668409046019,
      0.6251672456331067,
      0.6018670432688542
    ],
    [
      0.573200067998887,
      0.6358008348423162,
      0.6045004514206016
    ],
    [
      0.5464102714500045,
      0.6411258911820039,
      0.5937680813160042
    ],
    [
      0.5415573319105879,
      0.6504766131100894,
      0.5960169725103386
    ],
    [
      0.5792712127819934,
      0.6348652553468819,
      0.6070682340644377
    ],
    [
      0.5511631548515541,
      0.6427844749393692,
      0.5969738148954616
    ],
    [
      0.5907843553523311,
      0.6139040360437467,
      0.6023441956980389
    ],
    [
      0.5660002930764605,
      0.6252920350296416,
      0.595646164053051
    ]
  ],
  "l2-penalty/": [
    [
      0.7786661487976096,
      0.29550721989003037,
      0.53708668434382
    ],
    [
      0.7090477189758393,
      0.4030343648289122,
      0.5560410419023758
    ],
    [
      0.48654418625268603,
      0.5154865122170987,
      0.5010153492348923
    ],
    [
      0.6658672059149823,
      0.47868090601081237,
      0.5722740559628974
    ],
    [
      0.5639416790592805,
      0.4764151095051721,
      0.5201783942822262
    ],
    [
      0.7086811218730981,
      0.4085373220523393,
      0.5586092219627187
    ],
    [
      0.6168863521582555,
      0.49732323737099104,
      0.5571047947646233
    ],
    [
      0.479642736584757,
      0.5084667669877221,
      0.49405475178623953
    ],
    [
      0.5465295897501051,
      0.5171035678121769,
      0.5318165787811411
    ],
    [
      0.7082848618229718,
      0.40127868838306624,
      0.5547817751030191
    ],
    [
      0.6822037763530171,
      0.44019101733130406,
      0.5611973968421606
    ],
    [
      0.5805305017928373,
      0.5262586572136709,
      0.5533945795032541
    ],
    [
      0.46776712284200883,
      0.5372005747103406,
      0.5024838487761747
    ],
    [
      0.6182818974580988,
      0.4468232507207187,
      0.5325525740894088
    ],
    [
      0.6181085081732991,
      0.5295174369982198,
      0.5738129725857595
    ],
    [
      0.6240757312304148,
      0.45752022887548915,
      0.540797980052952
    ]
  ],
  "fair-alm/": [
    [
      0.6371437341145654,
      0.5519496408111633,
      0.5945466874628643
    ],
    [
      0.6699872077515582,
      0.5012421095499898,
      0.585614658650774
    ],
    [
      0.6387014889521714,
      0.5722594319520061,
      0.6054804604520887
    ],
    [
      0.6447594165264805,
      0.5649022108548518,
      0.6048308136906662
    ],
    [
      0.6463588264191316,
      0.5622118114790069,
      0.6042853189490692
    ],
    [
      0.640239382603903,
      0.5581493833778148,
      0.5991943829908589
    ],
    [
      0.6311901807700147,
      0.574020491909569,
      0.6026053363397919
    ],
    [
      0.7180757342427815,
      0.5150610479687651,
      0.6165683911057733
    ],
    [
      0.6925209436113108,
      0.48609155755338596,
      0.5893062505823483
    ],
    [
      0.6593349613088655,
      0.4946728404027475,
      0.5770039008558066
    ],
    [
      0.6547507186890678,
      0.560531397995294,
      0.6076410583421809
    ],
    [
      0.6565362403697048,
      0.5641962007340613,
      0.610366220551883
    ],
    [
      0.6314497008231656,
      0.5118198768563808,
      0.5716347888397733
    ],
    [
      0.6419805850899427,
      0.5518251760616378,
      0.5969028805757903
    ],
    [
      0.647698608391938,
      0.5637242948834917,
      0.6057114516377149
    ],
    [
      0.6479054133464526,
      0.5789467218121312,
      0.613426067579292
    ]
  ]
}