{
  "no-constraints/": [
    [
      0.21313198497308095,
      0.25414119068262275,
      0.23363658782785185
    ],
    [
      0.2293029109420513,
      0.2316151255275901,
      0.23045901823482068
    ],
    [
      0.2293857568847203,
      0.25860692076556,
      0.24399633882514016
    ],
    [
      0.21422691255028345,
      0.2643010137259048,
      0.23926396313809412
    ],
    [
      0.21352540504205905,
      0.2377708907719446,
      0.22564814790700183
    ],
    [
      0.21829225326305693,
      0.24969301037381705,
      0.233992631818437
    ],
    [
      0.2310208190676023,
      0.2435109204682652,
      0.23726586976793373
    ],
    [
      0.26115161357197153,
      0.23228246175453343,
      0.24671703766325248
    ],
    [
      0.2155723411294899,
      0.24987287534003194,
      0.23272260823476093
    ],
    [
      0.22607165742142593,
      0.24724659612223587,
      0.2366591267718309
    ],
    [
      0.23286698789428384,
      0.22045892821103144,
      0.22666295805265763
    ],
    [
      0.24301201671891326,
      0.2191103048998282,
      0.23106116080937072
    ],
    [
      0.23486419024046004,
      0.24922256320274158,
      0.2420433767216008
    ],
    [
      0.24231077096722178,
      0.22450350415207843,
      0.2334071375596501
    ],
    [
      0.21923339887716917,
      0.24928063111899262,
      0.23425701499808088
    ],
    [
      0.22170582020886073,
      0.23531493332521353,
      0.22851037676703712
    ]
  ],
  "l2-penalty/": [
    [
      0.009980383965423008,
      0.2557430726007063,
      0.13286172828306464
    ],
    [
      0.053630903395086936,
      0.2872580997161182,
      0.17044450155560256
    ],
    [
      0.08433991808067545,
      0.14873166690544876,
      0.1165357924930621
    ],
    [
      0.08199052231945606,
      0.280194194316356,
      0.18109235831790604
    ],
    [
      0.0792127619921138,
      0.20241359536520978,
      0.14081317867866178
    ],
    [
      0.04071243322590846,
      0.28963095857796367,
      0.16517169590193606
    ],
    [
      0.09213882310074695,
      0.2492099467752553,
      0.17067438493800113
    ],
    [
      0.08900978550622665,
      0.14702537596246257,
      0.11801758073434461
    ],
    [
      0.10672415887155712,
      0.20425252054587237,
      0.15548833970871473
    ],
    [
      0.04304926467354773,
      0.2794461048660469,
      0.1612476847697973
    ],
    [
      0.059177524327652165,
      0.27929693178592846,
      0.1692372280567903
    ],
    [
      0.10485652600917615,
      0.22984098084959753,
      0.16734875342938685
    ],
    [
      0.09915101886112876,
      0.15043124526201593,
      0.12479113206157234
    ],
    [
      0.05905907949650606,
      0.2263050652974931,
      0.1426820723969996
    ],
    [
      0.11772526243709991,
      0.25870061391455274,
      0.18821293817582632
    ],
    [
      0.07772114238927175,
      0.23106962678787818,
      0.15439538458857496
    ]
  ],
  "fair-alm/": [
    [
      0.1459992869752043,
      0.2860717511597307,
      0.2160355190674675
    ],
    [
      0.11257965251296742,
      0.3044448684965906,
      0.208512260504779
    ],
    [
      0.15423349310952103,
      0.2916827455351899,
      0.22295811932235549
    ],
    [
      0.165055031693481,
      0.2917942310819197,
      0.22842463138770036
    ],
    [
      0.14973180425637062,
      0.2928001485503462,
      0.2212659764033584
    ],
    [
      0.1480856174208396,
      0.2877584300279385,
      0.21792202372438904
    ],
    [
      0.15962986579219043,
      0.28260186966559153,
      0.22111586772889097
    ],
    [
      0.1312025828040616,
      0.3539296916419767,
      0.24256613722301915
    ],
    [
      0.11212184033689113,
      0.3074117912565165,
      0.2097668157967038
    ],
    [
      0.11145239800394939,
      0.28732955236793967,
      0.19939097518594454
    ],
    [
      0.1527557466029237,
      0.29765322721947324,
      0.2252044869111985
    ],
    [
      0.16134777391774144,
      0.3028139121831138,
      0.23208084305042764
    ],
    [
      0.11377457108574517,
      0.2777857102217689,
      0.19578014065375704
    ],
    [
      0.15485621190133664,
      0.2861569120452633,
      0.22050656197329996
    ],
    [
      0.15617310901845488,
      0.29970764259909244,
      0.22794037580877366
    ],
    [
      0.16137983909302406,
      0.306777451839922,
      0.23407864546647303
    ]
  ]
}