{
  "no-constraints/": [
    [
      0.25414119068262264,
      0.21313198497308095,
      0.2336365878278518
    ],
    [
      0.23161512552759012,
      0.22930291094205124,
      0.23045901823482068
    ],
    [
      0.25860692076556,
      0.2293857568847203,
      0.24399633882514016
    ],
    [
      0.26430101372590475,
      0.21422691255028337,
      0.23926396313809406
    ],
    [
      0.2377708907719447,
      0.21352540504205897,
      0.22564814790700183
    ],
    [
      0.24969301037381708,
      0.2182922532630569,
      0.233992631818437
    ],
    [
      0.24351092046826517,
      0.2310208190676023,
      0.23726586976793373
    ],
    [
      0.23228246175453338,
      0.2611516135719716,
      0.24671703766325248
    ],
    [
      0.249872875340032,
      0.21557234112948997,
      0.23272260823476099
    ],
    [
      0.24724659612223587,
      0.22607165742142588,
      0.23665912677183087
    ],
    [
      0.2204589282110314,
      0.23286698789428384,
      0.22666295805265763
    ],
    [
      0.2191103048998282,
      0.24301201671891326,
      0.23106116080937072
    ],
    [
      0.2492225632027416,
      0.23486419024046,
      0.2420433767216008
    ],
    [
      0.22450350415207843,
      0.24231077096722176,
      0.2334071375596501
    ],
    [
      0.24928063111899268,
      0.21923339887716908,
      0.23425701499808088
    ],
    [
      0.23531493332521358,
      0.22170582020886076,
      0.22851037676703717
    ]
  ],
  "l2-penalty/": [
    [
      0.2557430726007063,
      0.009980383965423112,
      0.1328617282830647
    ],
    [
      0.2872580997161183,
      0.053630903395086915,
      0.17044450155560262
    ],
    [
      0.1487316669054487,
      0.08433991808067554,
      0.11653579249306212
    ],
    [
      0.280194194316356,
      0.08199052231945614,
      0.18109235831790607
    ],
    [
      0.20241359536520975,
      0.0792127619921138,
      0.14081317867866178
    ],
    [
      0.28963095857796367,
      0.04071243322590845,
      0.16517169590193606
    ],
    [
      0.24920994677525532,
      0.09213882310074695,
      0.17067438493800113
    ],
    [
      0.14702537596246257,
      0.08900978550622662,
      0.1180175807343446
    ],
    [
      0.2042525205458724,
      0.10672415887155706,
      0.15548833970871473
    ],
    [
      0.27944610486604693,
      0.04304926467354764,
      0.16124768476979728
    ],
    [
      0.27929693178592846,
      0.05917752432765211,
      0.16923722805679028
    ],
    [
      0.22984098084959748,
      0.10485652600917617,
      0.16734875342938682
    ],
    [
      0.1504312452620159,
      0.09915101886112876,
      0.12479113206157233
    ],
    [
      0.22630506529749317,
      0.05905907949650602,
      0.1426820723969996
    ],
    [
      0.2587006139145528,
      0.11772526243709991,
      0.18821293817582635
    ],
    [
      0.23106962678787812,
      0.07772114238927175,
      0.15439538458857494
    ]
  ],
  "fair-alm/": [
    [
      0.2860717511597307,
      0.14599928697520426,
      0.21603551906746749
    ],
    [
      0.3044448684965905,
      0.11257965251296742,
      0.20851226050477897
    ],
    [
      0.2916827455351899,
      0.15423349310952106,
      0.22295811932235549
    ],
    [
      0.2917942310819198,
      0.1650550316934809,
      0.22842463138770036
    ],
    [
      0.2928001485503462,
      0.14973180425637056,
      0.22126597640335838
    ],
    [
      0.28775843002793855,
      0.1480856174208396,
      0.21792202372438907
    ],
    [
      0.28260186966559153,
      0.1596298657921904,
      0.22111586772889097
    ],
    [
      0.35392969164197674,
      0.1312025828040616,
      0.24256613722301917
    ],
    [
      0.3074117912565165,
      0.11212184033689121,
      0.20976681579670386
    ],
    [
      0.28732955236793967,
      0.11145239800394935,
      0.1993909751859445
    ],
    [
      0.2976532272194732,
      0.1527557466029238,
      0.2252044869111985
    ],
    [
      0.3028139121831139,
      0.16134777391774147,
      0.23208084305042767
    ],
    [
      0.2777857102217689,
      0.11377457108574518,
      0.19578014065375704
    ],
    [
      0.28615691204526317,
      0.1548562119013367,
      0.22050656197329993
    ],
    [
      0.29970764259909244,
      0.15617310901845483,
      0.22794037580877363
    ],
    [
      0.306777451839922,
      0.1613798390930241,
      0.23407864546647306
    ]
  ]
}