{
  "no-constraints/": [
    [
      0.03296777111508835,
      0.06256746721792072,
      0.04776761916650454
    ],
    [
      0.03546912907002594,
      0.05702173557422059,
      0.04624543232212326
    ],
    [
      0.03548194388088631,
      0.06366689317015527,
      0.04957441852552079
    ],
    [
      0.03313713716194129,
      0.06506873194204124,
      0.049102934551991266
    ],
    [
      0.03302862628324996,
      0.05853723425860487,
      0.04578293027092741
    ],
    [
      0.03376597389961112,
      0.06147236187548075,
      0.04761916788754593
    ],
    [
      0.035734859255418194,
      0.059950382276404666,
      0.047842620765911434
    ],
    [
      0.040395563451746434,
      0.05718602825495628,
      0.04879079585335136
    ],
    [
      0.033345251309879156,
      0.06151664314821373,
      0.04743094722904644
    ],
    [
      0.034969310957337435,
      0.06087007484331518,
      0.047919692900326306
    ],
    [
      0.03602042911639207,
      0.05427517171337784,
      0.045147800414884955
    ],
    [
      0.037589686721197835,
      0.05394315176577946,
      0.04576641924348865
    ],
    [
      0.03632936120759166,
      0.061356541658085184,
      0.04884295143283842
    ],
    [
      0.03748121633164034,
      0.05527091298586552,
      0.04637606465875293
    ],
    [
      0.033911552580333015,
      0.06137083750063117,
      0.047641195040482094
    ],
    [
      0.03429399269401921,
      0.05793259777042199,
      0.0461132952322206
    ]
  ],
  "l2-penalty/": [
    [
      0.0015437899396203766,
      0.0629618373478767,
      0.03225281364374854
    ],
    [
      0.008295757898787249,
      0.07072057736408237,
      0.03950816763143481
    ],
    [
      0.013045902591768164,
      0.03661651095746466,
      0.024831206774616414
    ],
    [
      0.012682492370986793,
      0.06898150205581384,
      0.04083199721340032
    ],
    [
      0.012252821682676166,
      0.049832559446414,
      0.031042690564545082
    ],
    [
      0.006297497676379223,
      0.0713047556653349,
      0.038801126670857056
    ],
    [
      0.01425225608996556,
      0.06135343559758773,
      0.03780284584377665
    ],
    [
      0.013768248984041592,
      0.036196436185827796,
      0.024982342584934696
    ],
    [
      0.01650835111666703,
      0.05028528767456259,
      0.03339681939561481
    ],
    [
      0.006658964418736273,
      0.06879732859682999,
      0.03772814650778313
    ],
    [
      0.009153722644857924,
      0.0687606034135764,
      0.03895716302921716
    ],
    [
      0.016219461146718267,
      0.0565849557720878,
      0.036402208459403035
    ],
    [
      0.01533691949640668,
      0.03703493314563172,
      0.026185926321019203
    ],
    [
      0.009135401311795298,
      0.05571444249638701,
      0.03242492190409115
    ],
    [
      0.018210028433696686,
      0.06368995965147772,
      0.0409499940425872
    ],
    [
      0.012022094353488642,
      0.056887438278994,
      0.03445476631624132
    ]
  ],
  "fair-alm/": [
    [
      0.022583522959130534,
      0.07042850812410034,
      0.04650601554161544
    ],
    [
      0.017414093040668967,
      0.07495181823206543,
      0.04618295563636719
    ],
    [
      0.02385720988690393,
      0.07180988870905597,
      0.04783354929797995
    ],
    [
      0.025531111658119315,
      0.07183733553210558,
      0.04868422359511245
    ],
    [
      0.023160877763122735,
      0.07208498412484515,
      0.04762293094398394
    ],
    [
      0.02290624160040266,
      0.0708437545645152,
      0.04687499808245893
    ],
    [
      0.024691933870150416,
      0.06957425188940068,
      0.047133092879775546
    ],
    [
      0.020294732956853218,
      0.0871345739735386,
      0.05371465346519591
    ],
    [
      0.017343277545582715,
      0.0756822501703953,
      0.04651276385798901
    ],
    [
      0.01723972658578679,
      0.07073816841824586,
      0.043988947502016325
    ],
    [
      0.023628628481809924,
      0.07327977210754488,
      0.0484542002946774
    ],
    [
      0.024957664055542672,
      0.07455029022551432,
      0.049753977140528496
    ],
    [
      0.0175989259366488,
      0.06838855311578486,
      0.04299373952621683
    ],
    [
      0.023953533536309406,
      0.07044947403245819,
      0.0472015037843838
    ],
    [
      0.024157234368658707,
      0.07378555224720292,
      0.04897139330793081
    ],
    [
      0.024962623974438075,
      0.07552608103249911,
      0.05024435250346859
    ]
  ]
}