{
  "no-constraints/": [
    [
      0.4330009846473439,
      0.43300098464734393,
      0.43300098464734393
    ],
    [
      0.4206031066848754,
      0.42060310668487544,
      0.42060310668487544
    ],
    [
      0.4391871756549583,
      0.4391871756549582,
      0.43918717565495824
    ],
    [
      0.4358942825206019,
      0.43589428252060197,
      0.4358942825206019
    ],
    [
      0.42484952072858084,
      0.4248495207285808,
      0.42484952072858084
    ],
    [
      0.4320171416587743,
      0.4320171416587744,
      0.43201714165877436
    ],
    [
      0.4301638434764745,
      0.4301638434764745,
      0.4301638434764745
    ],
    [
      0.432622905891326,
      0.432622905891326,
      0.432622905891326
    ],
    [
      0.4295568197928139,
      0.42955681979281396,
      0.4295568197928139
    ],
    [
      0.43151600712087307,
      0.431516007120873,
      0.431516007120873
    ],
    [
      0.4184305746891286,
      0.4184305746891286,
      0.4184305746891286
    ],
    [
      0.4194875716782467,
      0.4194875716782467,
      0.4194875716782467
    ],
    [
      0.43450972240692115,
      0.4345097224069212,
      0.4345097224069212
    ],
    [
      0.4219273613160439,
      0.42192736131604386,
      0.4219273613160439
    ],
    [
      0.43074037574295043,
      0.4307403757429505,
      0.43074037574295043
    ],
    [
      0.4226477885176265,
      0.4226477885176266,
      0.4226477885176265
    ]
  ],
  "l2-penalty/": [
    [
      0.27260884872357016,
      0.27260884872357016,
      0.27260884872357016
    ],
    [
      0.345838829099946,
      0.345838829099946,
      0.345838829099946
    ],
    [
      0.333864539471383,
      0.33386453947138295,
      0.33386453947138295
    ],
    [
      0.38596994748565144,
      0.38596994748565133,
      0.3859699474856514
    ],
    [
      0.34815997632655254,
      0.34815997632655266,
      0.3481599763265526
    ],
    [
      0.3497936114183743,
      0.3497936114183743,
      0.3497936114183743
    ],
    [
      0.3799668108173726,
      0.37996681081737266,
      0.3799668108173726
    ],
    [
      0.3276988806919318,
      0.3276988806919319,
      0.32769888069193187
    ],
    [
      0.3618500511268356,
      0.3618500511268357,
      0.36185005112683566
    ],
    [
      0.3443650702136056,
      0.3443650702136055,
      0.3443650702136055
    ],
    [
      0.3652862994315378,
      0.36528629943153773,
      0.3652862994315378
    ],
    [
      0.38127648121637153,
      0.3812764812163715,
      0.3812764812163715
    ],
    [
      0.33340912618382457,
      0.3334091261838245,
      0.33340912618382457
    ],
    [
      0.3502128181324552,
      0.3502128181324552,
      0.3502128181324552
    ],
    [
      0.39898643819870766,
      0.39898643819870766,
      0.39898643819870766
    ],
    [
      0.3586716516235463,
      0.3586716516235463,
      0.3586716516235463
    ]
  ],
  "fair-alm/": [
    [
      0.4199450276049987,
      0.41994502760499863,
      0.41994502760499863
    ],
    [
      0.40199232465093493,
      0.40199232465093493,
      0.40199232465093493
    ],
    [
      0.43231356776516383,
      0.4323135677651638,
      0.43231356776516383
    ],
    [
      0.43081461985664377,
      0.4308146198566438,
      0.4308146198566438
    ],
    [
      0.42995638330304387,
      0.4299563833030439,
      0.42995638330304387
    ],
    [
      0.42488990783305036,
      0.42488990783305036,
      0.42488990783305036
    ],
    [
      0.42984746724117395,
      0.42984746724117395,
      0.42984746724117395
    ],
    [
      0.4284254834373977,
      0.4284254834373977,
      0.4284254834373977
    ],
    [
      0.3998040548081372,
      0.3998040548081372,
      0.3998040548081372
    ],
    [
      0.39397720954424753,
      0.39397720954424753,
      0.39397720954424753
    ],
    [
      0.43265316446880986,
      0.43265316446880986,
      0.43265316446880986
    ],
    [
      0.4356200926056408,
      0.4356200926056409,
      0.43562009260564083
    ],
    [
      0.39409336480408846,
      0.39409336480408835,
      0.3940933648040884
    ],
    [
      0.4219680553455735,
      0.42196805534557347,
      0.42196805534557347
    ],
    [
      0.4314352752464251,
      0.43143527524642517,
      0.4314352752464251
    ],
    [
      0.4403909251573296,
      0.4403909251573295,
      0.4403909251573296
    ]
  ]
}