{
  "no-constraints/": [
    [
      0.20534135587001134,
      0.20534135587001137,
      0.20534135587001134
    ],
    [
      0.19946193027748613,
      0.19946193027748615,
      0.19946193027748615
    ],
    [
      0.20827502321538469,
      0.2082750232153846,
      0.20827502321538466
    ],
    [
      0.20671343983585844,
      0.2067134398358585,
      0.20671343983585846
    ],
    [
      0.20147570033399095,
      0.20147570033399093,
      0.20147570033399093
    ],
    [
      0.204874789602499,
      0.20487478960249905,
      0.20487478960249902
    ],
    [
      0.20399590300621373,
      0.20399590300621373,
      0.20399590300621373
    ],
    [
      0.20516206019369876,
      0.20516206019369876,
      0.20516206019369876
    ],
    [
      0.2037080351475538,
      0.2037080351475538,
      0.2037080351475538
    ],
    [
      0.20463713738198558,
      0.20463713738198558,
      0.20463713738198558
    ],
    [
      0.1984316539467268,
      0.1984316539467268,
      0.1984316539467268
    ],
    [
      0.19893291191747436,
      0.19893291191747436,
      0.19893291191747436
    ],
    [
      0.20605684213491254,
      0.2060568421349126,
      0.20605684213491257
    ],
    [
      0.20008992940710185,
      0.20008992940710185,
      0.20008992940710185
    ],
    [
      0.20426931096947137,
      0.20426931096947137,
      0.20426931096947137
    ],
    [
      0.20043157643245238,
      0.2004315764324524,
      0.2004315764324524
    ]
  ],
  "l2-penalty/": [
    [
      0.1292788529445301,
      0.12927885294453012,
      0.12927885294453012
    ],
    [
      0.16400658797050538,
      0.16400658797050538,
      0.16400658797050538
    ],
    [
      0.15832803998772904,
      0.15832803998772899,
      0.158328039987729
    ],
    [
      0.18303790326557845,
      0.18303790326557837,
      0.1830379032655784
    ],
    [
      0.16510734186156983,
      0.1651073418615699,
      0.16510734186156986
    ],
    [
      0.1658820579861179,
      0.16588205798611794,
      0.16588205798611794
    ],
    [
      0.1801910454831618,
      0.1801910454831618,
      0.1801910454831618
    ],
    [
      0.15540410960767348,
      0.1554041096076735,
      0.15540410960767348
    ],
    [
      0.17159956386827385,
      0.1715995638682739,
      0.17159956386827388
    ],
    [
      0.16330768968002435,
      0.16330768968002435,
      0.16330768968002435
    ],
    [
      0.17322913033812437,
      0.17322913033812434,
      0.17322913033812437
    ],
    [
      0.18081212835596933,
      0.18081212835596927,
      0.1808121283559693
    ],
    [
      0.15811207008173764,
      0.1581120700817376,
      0.1581120700817376
    ],
    [
      0.16608085770739175,
      0.16608085770739175,
      0.16608085770739175
    ],
    [
      0.18921069258120837,
      0.1892106925812084,
      0.18921069258120837
    ],
    [
      0.17009227661802995,
      0.17009227661802995,
      0.17009227661802995
    ]
  ],
  "fair-alm/": [
    [
      0.1991498505009433,
      0.19914985050094325,
      0.19914985050094328
    ],
    [
      0.19063616924656596,
      0.190636169246566,
      0.19063616924656598
    ],
    [
      0.20501536327498354,
      0.20501536327498351,
      0.20501536327498354
    ],
    [
      0.20430451963529825,
      0.20430451963529828,
      0.20430451963529828
    ],
    [
      0.20389751950407004,
      0.20389751950407006,
      0.20389751950407004
    ],
    [
      0.20149485304515208,
      0.20149485304515208,
      0.20149485304515208
    ],
    [
      0.20384586841639735,
      0.20384586841639735,
      0.20384586841639735
    ],
    [
      0.2031715233394908,
      0.20317152333949082,
      0.2031715233394908
    ],
    [
      0.18959842958208112,
      0.18959842958208112,
      0.18959842958208112
    ],
    [
      0.18683517418693152,
      0.18683517418693155,
      0.18683517418693152
    ],
    [
      0.20517640966990675,
      0.20517640966990675,
      0.20517640966990675
    ],
    [
      0.206583411196432,
      0.2065834111964321,
      0.20658341119643203
    ],
    [
      0.18689025830773692,
      0.18689025830773687,
      0.1868902583077369
    ],
    [
      0.20010922767083728,
      0.20010922767083725,
      0.20010922767083728
    ],
    [
      0.2045988520358805,
      0.20459885203588052,
      0.20459885203588052
    ],
    [
      0.2088458753928828,
      0.2088458753928828,
      0.2088458753928828
    ]
  ]
}